0.000000,0.000000,0.000000,0.000000,0.000000,0.000000
0.000000,0.000000,-1.000000,0.000000,0.000000,0.000000
-0.000001,0.000620,-1.000646,0.000025,-0.000000,0.000001
-0.000002,0.001859,-1.001937,0.000075,-0.000001,0.000004
-0.000004,0.003717,-1.003872,0.000148,-0.000002,0.000007
-0.000007,0.006194,-1.006447,0.000240,-0.000004,0.000012
-0.000011,0.009289,-1.009656,0.000349,-0.000006,0.000018
-0.000017,0.013000,-1.013494,0.000468,-0.000009,0.000026
-0.000026,0.017326,-1.017952,0.000590,-0.000014,0.000035
-0.000039,0.022266,-1.023020,0.000708,-0.000021,0.000045
-0.000056,0.027818,-1.028688,0.000812,-0.000030,0.000057
-0.000078,0.033979,-1.034943,0.000892,-0.000042,0.000071
-0.000107,0.040748,-1.041771,0.000936,-0.000058,0.000087
-0.000143,0.048121,-1.049156,0.000931,-0.000077,0.000104
-0.000189,0.056095,-1.057082,0.000863,-0.000102,0.000124
-0.000245,0.064669,-1.065531,0.000717,-0.000132,0.000145
-0.000313,0.073839,-1.074483,0.000475,-0.000169,0.000169
-0.000395,0.083602,-1.083917,0.000120,-0.000213,0.000195
-0.000493,0.093953,-1.093812,-0.000366,-0.000266,0.000224
-0.000608,0.104890,-1.104142,-0.001004,-0.000328,0.000256
-0.000742,0.116409,-1.114884,-0.001815,-0.000401,0.000290
-0.000899,0.128506,-1.126012,-0.002821,-0.000485,0.000327
-0.001079,0.141176,-1.137498,-0.004046,-0.000583,0.000368
-0.001285,0.154417,-1.149314,-0.005515,-0.000694,0.000411
-0.001519,0.168223,-1.161430,-0.007252,-0.000820,0.000458
-0.001784,0.182590,-1.173815,-0.009284,-0.000964,0.000509
-0.002083,0.197514,-1.186438,-0.011639,-0.001125,0.000563
-0.002418,0.212989,-1.199266,-0.014345,-0.001306,0.000621
-0.002791,0.229012,-1.212264,-0.017432,-0.001507,0.000682
-0.003207,0.245578,-1.225397,-0.020931,-0.001732,0.000748
-0.003667,0.262680,-1.238628,-0.024872,-0.001980,0.000817
-0.004175,0.280315,-1.251921,-0.029288,-0.002254,0.000891
-0.004733,0.298475,-1.265237,-0.034211,-0.002556,0.000969
-0.005346,0.317156,-1.278537,-0.039677,-0.002886,0.001051
-0.006017,0.336351,-1.291779,-0.045718,-0.003248,0.001138
-0.006748,0.356054,-1.304922,-0.052371,-0.003643,0.001229
-0.007544,0.376258,-1.317923,-0.059671,-0.004072,0.001325
-0.008408,0.396955,-1.330740,-0.067655,-0.004538,0.001426
-0.009344,0.418137,-1.343326,-0.076360,-0.005042,0.001531
-0.010355,0.439795,-1.355635,-0.085823,-0.005588,0.001641
-0.011446,0.461921,-1.367622,-0.096082,-0.006176,0.001757
-0.012620,0.484504,-1.379238,-0.107176,-0.006809,0.001877
-0.013883,0.507533,-1.390433,-0.119142,-0.007489,0.002003
-0.015236,0.530995,-1.401157,-0.132019,-0.008218,0.002134
-0.016686,0.554877,-1.411359,-0.145845,-0.008999,0.002270
-0.018235,0.579166,-1.420987,-0.160659,-0.009834,0.002412
-0.019888,0.603844,-1.429987,-0.176499,-0.010724,0.002560
-0.021650,0.628895,-1.438304,-0.193402,-0.011672,0.002715
-0.023523,0.654299,-1.445883,-0.211405,-0.012681,0.002875
-0.025513,0.680035,-1.452667,-0.230545,-0.013751,0.003043
-0.027623,0.706080,-1.458599,-0.250856,-0.014886,0.003217
-0.029856,0.732410,-1.463619,-0.272374,-0.016087,0.003399
-0.032216,0.758996,-1.467669,-0.295130,-0.017357,0.003588
-0.034707,0.785811,-1.470688,-0.319158,-0.018695,0.003785
-0.037331,0.812820,-1.472614,-0.344488,-0.020105,0.003992
-0.040091,0.839990,-1.473386,-0.371147,-0.021588,0.004207
-0.042989,0.867284,-1.472940,-0.399162,-0.023143,0.004432
-0.046026,0.894661,-1.471213,-0.428559,-0.024774,0.004667
-0.049204,0.922077,-1.468140,-0.459358,-0.026479,0.004913
-0.052524,0.949488,-1.463657,-0.491582,-0.028259,0.005171
-0.055985,0.976842,-1.457697,-0.525247,-0.030115,0.005442
-0.059588,1.004090,-1.450195,-0.560368,-0.032045,0.005725
-0.063330,1.031175,-1.441083,-0.596960,-0.034048,0.006022
-0.067210,1.058040,-1.430295,-0.635033,-0.036125,0.006333
-0.071225,1.084624,-1.417761,-0.674595,-0.038272,0.006659
-0.075372,1.110864,-1.403415,-0.715654,-0.040489,0.007002
-0.079647,1.136693,-1.387184,-0.758214,-0.042773,0.007360
-0.084046,1.162043,-1.369000,-0.802278,-0.045121,0.007736
-0.088564,1.186843,-1.348791,-0.847849,-0.047530,0.008129
-0.093195,1.211022,-1.326482,-0.894928,-0.049998,0.008539
-0.097933,1.234505,-1.302000,-0.943517,-0.052521,0.008967
-0.102772,1.257216,-1.275266,-0.993618,-0.055096,0.009413
-0.107705,1.279080,-1.246202,-1.045234,-0.057718,0.009877
-0.112727,1.300017,-1.214723,-1.098370,-0.060384,0.010357
-0.117829,1.319949,-1.180744,-1.153034,-0.063090,0.010854
-0.123005,1.338799,-1.144171,-1.209239,-0.065833,0.011366
-0.128248,1.356486,-1.104908,-1.267001,-0.068607,0.011891
-0.133550,1.372931,-1.062852,-1.326342,-0.071410,0.012428
-0.138904,1.388056,-1.017892,-1.387292,-0.074237,0.012975
-0.144303,1.401783,-0.969911,-1.449886,-0.077083,0.013528
-0.149738,1.414033,-0.918782,-1.514170,-0.079945,0.014084
-0.155200,1.424730,-0.864373,-1.580196,-0.082818,0.014639
-0.160679,1.433802,-0.806543,-1.648026,-0.085695,0.015188
-0.166165,1.441178,-0.745149,-1.717726,-0.088573,0.015725
-0.171646,1.446795,-0.680047,-1.789370,-0.091443,0.016243
-0.177108,1.450600,-0.611104,-1.863027,-0.094299,0.016734
-0.182539,1.452557,-0.538211,-1.938761,-0.097136,0.017187
-0.187928,1.452654,-0.461301,-2.016611,-0.099946,0.017590
-0.193271,1.450920,-0.380387,-2.096577,-0.102729,0.017928
-0.198577,1.447439,-0.295599,-2.178592,-0.105490,0.018180
-0.203879,1.442372,-0.207243,-2.262492,-0.108245,0.018321
-0.209252,1.435986,-0.115857,-2.347976,-0.111035,0.018319
-0.214824,1.428664,-0.022257,-2.434588,-0.113925,0.018135
-0.220792,1.420914,0.072464,-2.521714,-0.117019,0.017723
-0.227407,1.413331,0.167007,-2.608628,-0.120446,0.017033
-0.234939,1.406535,0.260018,-2.694581,-0.124347,0.016017
-0.243618,1.401091,0.350277,-2.778912,-0.128842,0.014638
-0.253573,1.397440,0.436852,-2.861130,-0.134000,0.012873
-0.264801,1.395868,0.519156,-2.940946,-0.139821,0.010717
-0.277179,1.396519,0.596917,-3.018245,-0.146244,0.008182
-0.290497,1.399430,0.670089,-3.093037,-0.153163,0.005293
-0.304511,1.404570,0.738768,-3.165401,-0.160454,0.002083
-0.318978,1.411870,0.803120,-3.235451,-0.167993,-0.001415
-0.333684,1.421246,0.863332,-3.303306,-0.175671,-0.005163
-0.348448,1.432609,0.919594,-3.369077,-0.183396,-0.009129
-0.363133,1.445870,0.972077,-3.432860,-0.191095,-0.013279
-0.377635,1.460942,1.020939,-3.494736,-0.198717,-0.017586
-0.391879,1.477740,1.066317,-3.554767,-0.206221,-0.022025
-0.405813,1.496183,1.108332,-3.613001,-0.213581,-0.026573
-0.419400,1.516189,1.147092,-3.669472,-0.220776,-0.031211
-0.432617,1.537676,1.182690,-3.724199,-0.227794,-0.035921
-0.445448,1.560561,1.215211,-3.777191,-0.234627,-0.040686
-0.457882,1.584762,1.244731,-3.828448,-0.241266,-0.045491
-0.469912,1.610195,1.271321,-3.877964,-0.247709,-0.050323
-0.481533,1.636775,1.295046,-3.925722,-0.253951,-0.055169
-0.492743,1.664416,1.315968,-3.971706,-0.259990,-0.060017
-0.503538,1.693031,1.334146,-4.015892,-0.265824,-0.064855
-0.513919,1.722536,1.349638,-4.058257,-0.271450,-0.069672
-0.523884,1.752843,1.362500,-4.098776,-0.276866,-0.074460
-0.533434,1.783869,1.372790,-4.137425,-0.282073,-0.079209
-0.542570,1.815530,1.380563,-4.174181,-0.287070,-0.083910
-0.551295,1.847746,1.385877,-4.209024,-0.291856,-0.088557
-0.559613,1.880438,1.388790,-4.241935,-0.296432,-0.093143
-0.567530,1.913532,1.389360,-4.272900,-0.300799,-0.097662
-0.575050,1.946956,1.387646,-4.301910,-0.304960,-0.102110
-0.582183,1.980642,1.383708,-4.328959,-0.308918,-0.106483
-0.588937,2.014527,1.377607,-4.354044,-0.312677,-0.110779
-0.595322,2.048553,1.369402,-4.377169,-0.316240,-0.114996
-0.601350,2.082666,1.359156,-4.398342,-0.319612,-0.119133
-0.607032,2.116815,1.346927,-4.417575,-0.322799,-0.123188
-0.612381,2.150956,1.332778,-4.434883,-0.325807,-0.127164
-0.617409,2.185048,1.316768,-4.450288,-0.328641,-0.131059
-0.622131,2.219057,1.298957,-4.463812,-0.331309,-0.134877
-0.626559,2.252949,1.279402,-4.475482,-0.333817,-0.138618
-0.630708,2.286699,1.258161,-4.485330,-0.336171,-0.142284
-0.634590,2.320282,1.235290,-4.493387,-0.338379,-0.145878
-0.638218,2.353680,1.210843,-4.499688,-0.340446,-0.149403
-0.641606,2.386875,1.184875,-4.504270,-0.342380,-0.152860
-0.644766,2.419855,1.157435,-4.507170,-0.344187,-0.156253
-0.647710,2.452609,1.128575,-4.508429,-0.345872,-0.159585
-0.650448,2.485130,1.098342,-4.508087,-0.347443,-0.162858
-0.652993,2.517413,1.066782,-4.506184,-0.348903,-0.166075
-0.655353,2.549454,1.033942,-4.502761,-0.350260,-0.169238
-0.657539,2.581252,0.999863,-4.497861,-0.351517,-0.172351
-0.659560,2.612806,0.964590,-4.491525,-0.352679,-0.175417
-0.661424,2.644117,0.928164,-4.483795,-0.353751,-0.178436
-0.663139,2.675186,0.890625,-4.474713,-0.354738,-0.181413
-0.664712,2.706017,0.852015,-4.464322,-0.355642,-0.184350
-0.666150,2.736610,0.812374,-4.452663,-0.356467,-0.187248
-0.667458,2.766968,0.771746,-4.439781,-0.357216,-0.190110
-0.668643,2.797091,0.730173,-4.425719,-0.357893,-0.192939
-0.669709,2.826980,0.687702,-4.410522,-0.358500,-0.195736
-0.670661,2.856633,0.644382,-4.394239,-0.359039,-0.198504
-0.671503,2.886047,0.600267,-4.376917,-0.359513,-0.201245
-0.672240,2.915216,0.555417,-4.358610,-0.359923,-0.203960
-0.672874,2.944132,0.509895,-4.339372,-0.360272,-0.206653
-0.673408,2.972781,0.463775,-4.319263,-0.360560,-0.209324
-0.673846,3.001148,0.417137,-4.298346,-0.360789,-0.211976
-0.674191,3.029215,0.370070,-4.276691,-0.360961,-0.214611
-0.674444,3.056957,0.322674,-4.254369,-0.361077,-0.217231
-0.674610,3.084345,0.275054,-4.231460,-0.361138,-0.219838
-0.674689,3.111349,0.227327,-4.208046,-0.361146,-0.222434
-0.674687,3.137934,0.179614,-4.184212,-0.361102,-0.225021
-0.674604,3.164061,0.132042,-4.160046,-0.361008,-0.227601
-0.674446,3.189691,0.084738,-4.135636,-0.360865,-0.230176
-0.674215,3.214786,0.037829,-4.111067,-0.360677,-0.232748
-0.673915,3.239305,-0.008564,-4.086423,-0.360444,-0.235318
-0.673550,3.263214,-0.054329,-4.061780,-0.360170,-0.237888
-0.673125,3.286478,-0.099363,-4.037204,-0.359856,-0.240458
-0.672644,3.309069,-0.143580,-4.012756,-0.359506,-0.243031
-0.672112,3.330963,-0.186908,-3.988483,-0.359122,-0.245608
-0.671533,3.352141,-0.229291,-3.964423,-0.358706,-0.248188
-0.670912,3.372589,-0.270691,-3.940602,-0.358263,-0.250773
-0.670253,3.392299,-0.311082,-3.917037,-0.357794,-0.253363
-0.669562,3.411267,-0.350454,-3.893735,-0.357303,-0.255958
-0.668841,3.429492,-0.388807,-3.870696,-0.356791,-0.258559
-0.668095,3.446976,-0.426154,-3.847913,-0.356262,-0.261166
-0.667327,3.463726,-0.462512,-3.825372,-0.355717,-0.263780
-0.666541,3.479748,-0.497909,-3.803057,-0.355159,-0.266399
-0.665741,3.495051,-0.532373,-3.780945,-0.354591,-0.269025
-0.664929,3.509644,-0.565938,-3.759015,-0.354013,-0.271658
-0.664108,3.523537,-0.598640,-3.737242,-0.353428,-0.274297
-0.663281,3.536739,-0.630515,-3.715599,-0.352838,-0.276942
-0.662451,3.549262,-0.661598,-3.694061,-0.352244,-0.279594
-0.661619,3.561113,-0.691927,-3.672602,-0.351648,-0.282253
-0.660788,3.572302,-0.721536,-3.651195,-0.351051,-0.284919
-0.659960,3.582837,-0.750458,-3.629816,-0.350455,-0.287592
-0.659137,3.592725,-0.778726,-3.608441,-0.349861,-0.290273
-0.658321,3.601973,-0.806371,-3.587045,-0.349270,-0.292961
-0.657513,3.610587,-0.833419,-3.565607,-0.348684,-0.295657
-0.656716,3.618570,-0.859898,-3.544106,-0.348104,-0.298360
-0.655930,3.625928,-0.885830,-3.522521,-0.347531,-0.301072
-0.655158,3.632662,-0.911240,-3.500833,-0.346966,-0.303792
-0.654400,3.638776,-0.936145,-3.479025,-0.346411,-0.306521
-0.653658,3.644270,-0.960563,-3.457081,-0.345865,-0.309260
-0.652934,3.649146,-0.984511,-3.434985,-0.345330,-0.312007
-0.652229,3.653402,-1.008001,-3.412724,-0.344808,-0.314765
-0.651544,3.657037,-1.031046,-3.390285,-0.344299,-0.317532
-0.650879,3.660050,-1.053653,-3.367656,-0.343803,-0.320310
-0.650237,3.662438,-1.075831,-3.344827,-0.343323,-0.323098
-0.649618,3.664198,-1.097586,-3.321790,-0.342858,-0.325898
-0.649023,3.665325,-1.118920,-3.298537,-0.342409,-0.328710
-0.648453,3.665817,-1.139836,-3.275060,-0.341977,-0.331533
-0.647909,3.665666,-1.160333,-3.251356,-0.341564,-0.334368
-0.647391,3.664868,-1.180409,-3.227419,-0.341168,-0.337216
-0.646900,3.663417,-1.200062,-3.203248,-0.340792,-0.340077
-0.646438,3.661306,-1.219285,-3.178841,-0.340435,-0.342951
-0.646003,3.658528,-1.238071,-3.154198,-0.340098,-0.345838
-0.645597,3.655077,-1.256412,-3.129320,-0.339782,-0.348739
-0.645220,3.650944,-1.274296,-3.104210,-0.339486,-0.351655
-0.644871,3.646122,-1.291712,-3.078873,-0.339211,-0.354584
-0.644552,3.640603,-1.308645,-3.053314,-0.338957,-0.357528
-0.644261,3.634379,-1.325081,-3.027540,-0.338724,-0.360486
-0.643998,3.627442,-1.341001,-3.001561,-0.338511,-0.363459
-0.643763,3.619784,-1.356387,-2.975386,-0.338319,-0.366446
-0.643556,3.611396,-1.371219,-2.949029,-0.338147,-0.369448
-0.643374,3.602272,-1.385474,-2.922502,-0.337994,-0.372465
-0.643216,3.592402,-1.399129,-2.895822,-0.337860,-0.375495
-0.643083,3.581780,-1.412158,-2.869008,-0.337744,-0.378540
-0.642970,3.570399,-1.424534,-2.842077,-0.337644,-0.381598
-0.642878,3.558251,-1.436229,-2.815052,-0.337559,-0.384669
-0.642803,3.545330,-1.447212,-2.787958,-0.337487,-0.387754
-0.642742,3.531632,-1.457453,-2.760819,-0.337427,-0.390850
-0.642693,3.517149,-1.466917,-2.733663,-0.337376,-0.393957
-0.642653,3.501877,-1.475570,-2.706522,-0.337331,-0.397075
-0.642618,3.485814,-1.483375,-2.679428,-0.337291,-0.400203
-0.642584,3.468954,-1.490295,-2.652414,-0.337253,-0.403339
-0.642546,3.451296,-1.496289,-2.625520,-0.337211,-0.406482
-0.642499,3.432838,-1.501318,-2.598783,-0.337164,-0.409632
-0.642440,3.413579,-1.505339,-2.572246,-0.337107,-0.412786
-0.642361,3.393519,-1.508308,-2.545952,-0.337036,-0.415944
-0.642257,3.372658,-1.510180,-2.519949,-0.336945,-0.419103
-0.642122,3.350998,-1.510907,-2.494285,-0.336831,-0.422263
-0.641949,3.328540,-1.510442,-2.469010,-0.336687,-0.425420
-0.641730,3.305289,-1.508736,-2.444177,-0.336507,-0.428574
-0.641457,3.281247,-1.505737,-2.419842,-0.336286,-0.431722
-0.641123,3.256418,-1.501392,-2.396062,-0.336016,-0.434863
-0.640718,3.230807,-1.495649,-2.372896,-0.335691,-0.437994
-0.640234,3.204419,-1.488450,-2.350405,-0.335304,-0.441114
-0.639661,3.177259,-1.479741,-2.328651,-0.334845,-0.444219
-0.638989,3.149331,-1.469461,-2.307698,-0.334307,-0.447309
-0.638206,3.120641,-1.457550,-2.287613,-0.333681,-0.450379
-0.637302,3.091193,-1.443947,-2.268462,-0.332957,-0.453429
-0.636263,3.060992,-1.428587,-2.250315,-0.332125,-0.456456
-0.635078,3.030039,-1.411404,-2.233242,-0.331174,-0.459457
-0.633731,2.998337,-1.392328,-2.217313,-0.330092,-0.462431
-0.632209,2.965886,-1.371287,-2.202601,-0.328867,-0.465374
-0.630495,2.932684,-1.348206,-2.189180,-0.327486,-0.468284
-0.628571,2.898727,-1.323007,-2.177126,-0.325932,-0.471159
-0.626419,2.864008,-1.295606,-2.166516,-0.324191,-0.473996
-0.624016,2.828517,-1.265914,-2.157426,-0.322244,-0.476792
-0.621341,2.792240,-1.233838,-2.149940,-0.320071,-0.479544
-0.618367,2.755160,-1.199276,-2.144138,-0.317650,-0.482250
-0.615065,2.717253,-1.162121,-2.140106,-0.314957,-0.484907
-0.611402,2.678490,-1.122254,-2.137934,-0.311963,-0.487511
-0.607340,2.638838,-1.079549,-2.137714,-0.308637,-0.490059
-0.602838,2.598252,-1.033864,-2.139543,-0.304942,-0.492548
-0.597845,2.556685,-0.985048,-2.143523,-0.300835,-0.494974
-0.592304,2.514076,-0.932933,-2.149763,-0.296268,-0.497333
-0.586149,2.470359,-0.877335,-2.158377,-0.291185,-0.499621
-0.579302,2.425454,-0.818052,-2.169487,-0.285517,-0.501834
-0.571671,2.379273,-0.754868,-2.183219,-0.279187,-0.503969
-0.563148,2.331717,-0.687550,-2.199704,-0.272102,-0.506021
-0.553604,2.282680,-0.615855,-2.219074,-0.264153,-0.507988
-0.542889,2.232047,-0.539540,-2.241454,-0.255208,-0.509869
-0.530826,2.179708,-0.458383,-2.266949,-0.245118,-0.511666
-0.517210,2.125563,-0.372208,-2.295625,-0.233704,-0.513385
-0.501809,2.069541,-0.280939,-2.327478,-0.220767,-0.515039
-0.484369,2.011629,-0.184667,-2.362389,-0.206086,-0.516653
-0.464630,1.951899,-0.083737,-2.400070,-0.189434,-0.518265
-0.442351,1.890554,0.021160,-2.440009,-0.170599,-0.519934
-0.417350,1.827944,0.128924,-2.481439,-0.149416,-0.521745
-0.389549,1.764563,0.238082,-2.523362,-0.125808,-0.523803
-0.359016,1.701001,0.346933,-2.564650,-0.099822,-0.526238
-0.325983,1.637848,0.453797,-2.604209,-0.071642,-0.529184
-0.290838,1.575608,0.557255,-2.641123,-0.041589,-0.532770
-0.254095,1.514646,0.656284,-2.674744,-0.010093,-0.537102
-0.216364,1.455182,0.750266,-2.704688,0.022329,-0.542252
-0.178298,1.397317,0.838913,-2.730780,0.055121,-0.548245
-0.140552,1.341066,0.922165,-2.752995,0.087720,-0.555057
-0.103729,1.286386,1.000109,-2.771395,0.119600,-0.562619
-0.068341,1.233201,1.072918,-2.786094,0.150316,-0.570823
-0.034778,1.181413,1.140808,-2.797226,0.179520,-0.579543
-0.003306,1.130916,1.204010,-2.804932,0.206972,-0.588641
0.025933,1.081602,1.262758,-2.809350,0.232538,-0.597989
0.052895,1.033369,1.317272,-2.810609,0.256169,-0.607470
0.077612,0.986122,1.367757,-2.808826,0.277883,-0.616990
0.100173,0.939778,1.414398,-2.804110,0.297747,-0.626473
0.120698,0.894267,1.457361,-2.796562,0.315859,-0.635862
0.139327,0.849531,1.496793,-2.786272,0.332334,-0.645118
0.156207,0.805526,1.532823,-2.773329,0.347292,-0.654216
0.171483,0.762220,1.565569,-2.757814,0.360857,-0.663139
0.185296,0.719591,1.595131,-2.739811,0.373146,-0.671882
0.197779,0.677629,1.621601,-2.719399,0.384272,-0.680443
0.209053,0.636332,1.645064,-2.696659,0.394340,-0.688827
0.219232,0.595710,1.665595,-2.671673,0.403445,-0.697039
0.228419,0.555776,1.683264,-2.644525,0.411676,-0.705089
0.236706,0.516554,1.698137,-2.615302,0.419112,-0.712987
0.244178,0.478071,1.710277,-2.584090,0.425827,-0.720744
0.250913,0.440360,1.719745,-2.550982,0.431887,-0.728372
0.256980,0.403458,1.726597,-2.516071,0.437354,-0.735882
0.262443,0.367407,1.730892,-2.479450,0.442282,-0.743285
0.267360,0.332248,1.732684,-2.441217,0.446722,-0.750592
0.271783,0.298026,1.732030,-2.401468,0.450720,-0.757814
0.275763,0.264787,1.728982,-2.360303,0.454321,-0.764961
0.279342,0.232577,1.723595,-2.317818,0.457562,-0.772043
0.282564,0.201441,1.715922,-2.274110,0.460480,-0.779067
0.285464,0.171424,1.706015,-2.229276,0.463109,-0.786043
0.288079,0.142570,1.693925,-2.183409,0.465481,-0.792977
0.290439,0.114919,1.679702,-2.136599,0.467622,-0.799876
0.292576,0.088512,1.663395,-2.088935,0.469562,-0.806746
0.294515,0.063383,1.645050,-2.040499,0.471322,-0.813592
0.296281,0.039569,1.624714,-1.991370,0.472926,-0.820419
0.297897,0.017098,1.602427,-1.941622,0.474395,-0.827230
0.299383,-0.004001,1.578230,-1.891324,0.475746,-0.834028
0.300757,-0.023705,1.552160,-1.840537,0.476996,-0.840817
0.302036,-0.041991,1.524250,-1.789316,0.478159,-0.847597
0.303233,-0.058842,1.494529,-1.737711,0.479250,-0.854370
0.304362,-0.074242,1.463021,-1.685764,0.480280,-0.861137
0.305433,-0.088178,1.429748,-1.633508,0.481258,-0.867899
0.306455,-0.100641,1.394723,-1.580971,0.482193,-0.874654
0.307436,-0.111621,1.357956,-1.528173,0.483092,-0.881404
0.308383,-0.121112,1.319450,-1.475125,0.483961,-0.888147
0.309300,-0.129110,1.279202,-1.421831,0.484805,-0.894882
0.310192,-0.135608,1.237201,-1.368288,0.485628,-0.901609
0.311062,-0.140603,1.193427,-1.314482,0.486432,-0.908325
0.311912,-0.144091,1.147856,-1.260394,0.487219,-0.915029
0.312742,-0.146067,1.100451,-1.205997,0.487990,-0.921719
0.313553,-0.146525,1.051170,-1.151254,0.488745,-0.928393
0.314345,-0.145459,0.999957,-1.096121,0.489483,-0.935049
0.315116,-0.142860,0.946750,-1.040546,0.490204,-0.941685
0.315865,-0.138718,0.891477,-0.984471,0.490904,-0.948296
0.316588,-0.133021,0.834056,-0.927829,0.491582,-0.954881
0.317282,-0.125756,0.774397,-0.870546,0.492234,-0.961435
0.317944,-0.116909,0.712404,-0.812547,0.492856,-0.967954
0.318567,-0.106466,0.647978,-0.753752,0.493442,-0.974433
0.319147,-0.094415,0.581024,-0.694081,0.493987,-0.980867
0.319676,-0.080750,0.511455,-0.633463,0.494483,-0.987248
0.320146,-0.065473,0.439208,-0.571838,0.494923,-0.993571
0.320548,-0.048604,0.364254,-0.509171,0.495297,-0.999825
0.320872,-0.030181,0.286622,-0.445459,0.495596,-1.006001
0.321108,-0.010275,0.206421,-0.380751,0.495807,-1.012090
0.321242,0.011001,0.123860,-0.315158,0.495920,-1.018079
0.321265,0.033493,0.039270,-0.248867,0.495923,-1.023959
0.321166,0.056996,-0.046891,-0.182140,0.495806,-1.029720
0.320937,0.081265,-0.134058,-0.115307,0.495559,-1.035355
0.320572,0.106030,-0.221596,-0.048737,0.495179,-1.040861
0.320070,0.131019,-0.308860,0.017197,0.494662,-1.046236
0.319431,0.155980,-0.395257,0.082158,0.494009,-1.051486
0.318659,0.180706,-0.480301,0.145873,0.493224,-1.056616
0.317759,0.205038,-0.563633,0.208150,0.492311,-1.061636
0.316737,0.228871,-0.645025,0.268879,0.491275,-1.066556
0.315597,0.252146,-0.724362,0.328014,0.490123,-1.071388
0.314345,0.274839,-0.801620,0.385566,0.488859,-1.076139
0.312983,0.296956,-0.876837,0.441577,0.487486,-1.080821
0.311515,0.318517,-0.950093,0.496116,0.486006,-1.085442
0.309942,0.339555,-1.021493,0.549261,0.484421,-1.090007
0.308263,0.360112,-1.091154,0.601096,0.482730,-1.094525
0.306477,0.380228,-1.159198,0.651708,0.480934,-1.099001
0.304583,0.399950,-1.225744,0.701176,0.479029,-1.103439
0.302578,0.419321,-1.290911,0.749578,0.477013,-1.107844
0.300457,0.438384,-1.354807,0.796985,0.474882,-1.112219
0.298217,0.457180,-1.417536,0.843464,0.472632,-1.116568
0.295851,0.475749,-1.479195,0.889073,0.470256,-1.120894
0.293354,0.494129,-1.539874,0.933868,0.467749,-1.125200
0.290717,0.512356,-1.599653,0.977896,0.465104,-1.129487
0.287933,0.530466,-1.658610,1.021201,0.462311,-1.133758
0.284993,0.548493,-1.716814,1.063821,0.459363,-1.138014
0.281886,0.566468,-1.774329,1.105789,0.456249,-1.142258
0.278602,0.584424,-1.831215,1.147135,0.452957,-1.146492
0.275126,0.602393,-1.887526,1.187883,0.449475,-1.150715
0.271447,0.620404,-1.943313,1.228056,0.445789,-1.154931
0.267548,0.638488,-1.998621,1.267669,0.441884,-1.159141
0.263412,0.656676,-2.053493,1.306736,0.437743,-1.163345
0.259021,0.674998,-2.107969,1.345268,0.433347,-1.167545
0.254354,0.693484,-2.162083,1.383271,0.428676,-1.171743
0.249388,0.712166,-2.215870,1.420748,0.423706,-1.175938
0.244098,0.731074,-2.269359,1.457699,0.418413,-1.180134
0.238455,0.750242,-2.322579,1.494121,0.412767,-1.184329
0.232428,0.769702,-2.375557,1.530009,0.406738,-1.188527
0.225982,0.789486,-2.428315,1.565355,0.400291,-1.192727
0.219080,0.809628,-2.480877,1.600149,0.393388,-1.196931
0.211679,0.830162,-2.533264,1.634378,0.385986,-1.201140
0.203731,0.851123,-2.585498,1.668031,0.378039,-1.205354
0.195186,0.872543,-2.637597,1.701094,0.369495,-1.209576
0.185986,0.894456,-2.689584,1.733556,0.360297,-1.213806
0.176071,0.916892,-2.741480,1.765408,0.350383,-1.218045
0.165374,0.939882,-2.793309,1.796644,0.339688,-1.222294
0.153823,0.963450,-2.845096,1.827264,0.328140,-1.226554
0.141346,0.987617,-2.896872,1.857278,0.315666,-1.230828
0.127865,1.012401,-2.948670,1.886703,0.302188,-1.235115
0.113306,1.037807,-3.000532,1.915571,0.287631,-1.239418
0.097597,1.063836,-3.052502,1.943928,0.271926,-1.243737
0.080679,1.090475,-3.104636,1.971839,0.255009,-1.248076
0.062506,1.117700,-3.156993,1.999389,0.236837,-1.252435
0.043058,1.145472,-3.209644,2.026685,0.217390,-1.256816
0.022350,1.173736,-3.262665,2.053857,0.196681,-1.261220
0.000442,1.202421,-3.316138,2.081058,0.174770,-1.265650
-0.022554,1.231440,-3.370150,2.108458,0.151769,-1.270105
-0.046465,1.260692,-3.424788,2.136246,0.127850,-1.274586
-0.071062,1.290068,-3.480137,2.164614,0.103242,-1.279092
-0.096065,1.319455,-3.536275,2.193752,0.078226,-1.283621
-0.121160,1.348747,-3.593271,2.223835,0.053113,-1.288169
-0.146029,1.377856,-3.651185,2.255011,0.028223,-1.292734
-0.170368,1.406712,-3.710062,2.287395,0.003859,-1.297310
-0.193917,1.435277,-3.769940,2.321064,-0.019719,-1.301895
-0.216474,1.463539,-3.830849,2.356062,-0.042307,-1.306483
-0.237899,1.491514,-3.892817,2.392403,-0.063766,-1.311073
-0.258112,1.519239,-3.955872,2.430080,-0.084017,-1.315663
-0.277088,1.546770,-4.020048,2.469074,-0.103033,-1.320251
-0.294841,1.574172,-4.085387,2.509365,-0.120827,-1.324839
-0.311413,1.601519,-4.151938,2.550932,-0.137443,-1.329426
-0.326869,1.628887,-4.219765,2.593763,-0.152943,-1.334015
-0.341282,1.656356,-4.288940,2.637855,-0.167402,-1.338608
-0.354730,1.684008,-4.359553,2.683220,-0.180897,-1.343207
-0.367293,1.711924,-4.431706,2.729880,-0.193508,-1.347815
-0.379048,1.740188,-4.505516,2.777875,-0.205312,-1.352436
-0.390068,1.768885,-4.581120,2.827258,-0.216381,-1.357073
-0.400420,1.798103,-4.658673,2.878100,-0.226784,-1.361731
-0.410169,1.827935,-4.738351,2.930490,-0.236583,-1.366413
-0.419370,1.858479,-4.820356,2.984536,-0.245835,-1.371125
-0.428077,1.889842,-4.904918,3.040368,-0.254593,-1.375873
-0.436335,1.922137,-4.992298,3.098138,-0.262904,-1.380661
-0.444187,1.955489,-5.082790,3.158025,-0.270809,-1.385499
-0.451671,1.990034,-5.176732,3.220236,-0.278345,-1.390393
-0.458816,2.025924,-5.274500,3.285009,-0.285544,-1.395353
-0.465651,2.063319,-5.376514,3.352613,-0.292432,-1.400392
-0.472197,2.102392,-5.483226,3.423345,-0.299031,-1.405523
-0.478465,2.143319,-5.595109,3.497518,-0.305354,-1.410761
-0.484460,2.186259,-5.712612,3.575440,-0.311404,-1.416128
-0.490173,2.231331,-5.836083,3.657367,-0.317172,-1.421645
-0.495578,2.278557,-5.965634,3.743414,-0.322634,-1.427339
-0.500630,2.327786,-6.100938,3.833433,-0.327742,-1.433235
-0.505260,2.378595,-6.240971,3.926845,-0.332430,-1.439358
-0.509383,2.430223,-6.383824,4.022517,-0.336612,-1.445720
-0.512918,2.481602,-6.526805,4.118813,-0.340207,-1.452317
-0.515810,2.531565,-6.666961,4.213921,-0.343160,-1.459125
-0.518048,2.579131,-6.801845,4.306329,-0.345462,-1.466105
-0.519669,2.623694,-6.930005,4.395144,-0.347147,-1.473213
-0.520731,2.665021,-7.050970,4.480085,-0.348276,-1.480412
-0.521301,2.703132,-7.164936,4.561297,-0.348916,-1.487673
-0.521444,2.738178,-7.272435,4.639137,-0.349130,-1.494975
-0.521211,2.770356,-7.374114,4.714041,-0.348971,-1.502303
-0.520650,2.799861,-7.470618,4.786446,-0.348485,-1.509648
-0.519796,2.826872,-7.562542,4.856763,-0.347710,-1.517004
-0.518681,2.851539,-7.650409,4.925359,-0.346676,-1.524365
-0.517330,2.873984,-7.734675,4.992563,-0.345410,-1.531729
-0.515768,2.894306,-7.815735,5.058668,-0.343936,-1.539092
-0.514014,2.912581,-7.893926,5.123934,-0.342272,-1.546451
-0.512086,2.928866,-7.969542,5.188592,-0.340439,-1.553804
-0.510004,2.943200,-8.042835,5.252855,-0.338454,-1.561149
-0.507782,2.955611,-8.114026,5.316912,-0.336334,-1.568481
-0.505439,2.966113,-8.183306,5.380938,-0.334095,-1.575799
-0.502990,2.974709,-8.250842,5.445092,-0.331755,-1.583099
-0.500452,2.981397,-8.316783,5.509522,-0.329330,-1.590375
-0.497841,2.986168,-8.381256,5.574360,-0.326835,-1.597624
-0.495174,2.989008,-8.444377,5.639731,-0.324288,-1.604839
-0.492465,2.989900,-8.506246,5.705746,-0.321703,-1.612016
-0.489730,2.988829,-8.566952,5.772504,-0.319095,-1.619147
-0.486984,2.985779,-8.626572,5.840092,-0.316479,-1.626226
-0.484239,2.980738,-8.685175,5.908583,-0.313867,-1.633245
-0.481506,2.973699,-8.742819,5.978037,-0.311272,-1.640197
-0.478797,2.964664,-8.799557,6.048495,-0.308702,-1.647072
-0.476119,2.953645,-8.855433,6.119983,-0.306165,-1.653864
-0.473476,2.940664,-8.910484,6.192507,-0.303666,-1.660565
-0.470874,2.925759,-8.964742,6.266055,-0.301210,-1.667165
-0.468311,2.908983,-9.018234,6.340595,-0.298795,-1.673659
-0.465786,2.890403,-9.070983,6.416075,-0.296421,-1.680041
-0.463297,2.870105,-9.123009,6.492423,-0.294084,-1.686305
-0.460836,2.848192,-9.174330,6.569553,-0.291778,-1.692447
-0.458397,2.824780,-9.224964,6.647362,-0.289495,-1.698465
-0.455971,2.800001,-9.274929,6.725738,-0.287228,-1.704359
-0.453549,2.773997,-9.324247,6.804559,-0.284967,-1.710130
-0.451120,2.746919,-9.372941,6.883700,-0.282702,-1.715781
-0.448675,2.718923,-9.421040,6.963040,-0.280425,-1.721316
-0.446205,2.690169,-9.468579,7.042459,-0.278126,-1.726742
-0.443702,2.660815,-9.515596,7.121847,-0.275798,-1.732067
-0.441160,2.631015,-9.562139,7.201101,-0.273436,-1.737298
-0.438577,2.600920,-9.608258,7.280135,-0.271035,-1.742444
-0.435949,2.570673,-9.654012,7.358873,-0.268594,-1.747516
-0.433280,2.540408,-9.699463,7.437253,-0.266116,-1.752523
-0.430574,2.510253,-9.744680,7.515227,-0.263605,-1.757476
-0.427840,2.480327,-9.789733,7.592759,-0.261069,-1.762382
-0.425090,2.450740,-9.834698,7.669822,-0.258520,-1.767253
-0.422338,2.421594,-9.879653,7.746402,-0.255972,-1.772095
-0.419604,2.392986,-9.924676,7.822493,-0.253442,-1.776917
-0.416907,2.365003,-9.969847,7.898096,-0.250950,-1.781727
-0.414268,2.337728,-10.015248,7.973217,-0.248516,-1.786532
-0.411711,2.311238,-10.060961,8.047871,-0.246161,-1.791337
-0.409256,2.285604,-10.107065,8.122073,-0.243906,-1.796148
-0.406925,2.260891,-10.153641,8.195847,-0.241770,-1.800972
-0.404736,2.237162,-10.200770,8.269217,-0.239772,-1.805813
-0.402705,2.214472,-10.248532,8.342213,-0.237925,-1.810676
-0.400845,2.192874,-10.297004,8.414866,-0.236241,-1.815565
-0.399165,2.172417,-10.346267,8.487213,-0.234731,-1.820486
-0.397673,2.153145,-10.396400,8.559294,-0.233399,-1.825441
-0.396371,2.135100,-10.447483,8.631151,-0.232248,-1.830436
-0.395261,2.118320,-10.499598,8.702832,-0.231280,-1.835474
-0.394341,2.102841,-10.552828,8.774388,-0.230492,-1.840557
-0.393608,2.088698,-10.607263,8.845877,-0.229882,-1.845691
-0.393058,2.075922,-10.662992,8.917359,-0.229444,-1.850877
-0.392686,2.064547,-10.720112,8.988904,-0.229175,-1.856119
-0.392487,2.054603,-10.778728,9.060584,-0.229067,-1.861420
-0.392453,2.046123,-10.838949,9.132481,-0.229115,-1.866781
-0.392580,2.039140,-10.900897,9.204686,-0.229314,-1.872207
-0.392861,2.033689,-10.964702,9.277296,-0.229657,-1.877698
-0.393292,2.029809,-11.030509,9.350420,-0.230140,-1.883258
-0.393869,2.027542,-11.098477,9.424178,-0.230758,-1.888889
-0.394586,2.026932,-11.168784,9.498704,-0.231506,-1.894594
-0.395442,2.028034,-11.241625,9.574147,-0.232382,-1.900374
-0.396433,2.030904,-11.317223,9.650671,-0.233383,-1.906235
-0.397558,2.035609,-11.395822,9.728460,-0.234506,-1.912177
-0.398815,2.042224,-11.477699,9.807720,-0.235750,-1.918206
-0.400202,2.050831,-11.563158,9.888678,-0.237112,-1.924326
-0.401718,2.061522,-11.652537,9.971585,-0.238591,-1.930542
-0.403361,2.074395,-11.746200,10.056715,-0.240183,-1.936859
-0.405124,2.089547,-11.844528,10.144358,-0.241884,-1.943285
-0.407000,2.107068,-11.947893,10.234805,-0.243685,-1.949826
-0.408973,2.127020,-12.056620,10.328326,-0.245570,-1.956492
-0.411014,2.149404,-12.170900,10.425120,-0.247515,-1.963292
-0.413082,2.174114,-12.290676,10.525238,-0.249478,-1.970233
-0.415108,2.200871,-12.415466,10.628481,-0.251400,-1.977322
-0.416997,2.229150,-12.544187,10.734281,-0.253192,-1.984561
-0.418625,2.258145,-12.675055,10.841641,-0.254744,-1.991942
-0.419858,2.286826,-12.805725,10.949213,-0.255935,-1.999452
-0.420567,2.314105,-12.933716,11.055567,-0.256651,-2.007067
-0.420658,2.339049,-13.056958,11.159523,-0.256811,-2.014760
-0.420076,2.361023,-13.174134,11.260368,-0.256369,-2.022510
-0.418802,2.379693,-13.284688,11.357855,-0.255311,-2.030296
-0.416835,2.394951,-13.388612,11.452068,-0.253641,-2.038106
-0.414183,2.406821,-13.486210,11.543276,-0.251369,-2.045932
-0.410854,2.415393,-13.577912,11.631817,-0.248506,-2.053769
-0.406855,2.420779,-13.664180,11.718038,-0.245061,-2.061614
-0.402187,2.423089,-13.745449,11.802259,-0.241039,-2.069463
-0.396848,2.422429,-13.822106,11.884764,-0.236441,-2.077316
-0.390832,2.418889,-13.894485,11.965795,-0.231266,-2.085169
-0.384129,2.412551,-13.962871,12.045552,-0.225507,-2.093020
-0.376728,2.403488,-14.027499,12.124200,-0.219159,-2.100865
-0.368613,2.391764,-14.088563,12.201868,-0.212212,-2.108700
-0.359767,2.377440,-14.146221,12.278652,-0.204653,-2.116520
-0.350170,2.360573,-14.200599,12.354620,-0.196470,-2.124321
-0.339800,2.341223,-14.251797,12.429814,-0.187646,-2.132093
-0.328631,2.319449,-14.299891,12.504251,-0.178164,-2.139832
-0.316636,2.295314,-14.344937,12.577924,-0.168002,-2.147526
-0.303785,2.268885,-14.386974,12.650806,-0.157140,-2.155167
-0.290045,2.240237,-14.426027,12.722851,-0.145554,-2.162743
-0.275385,2.209448,-14.462106,12.793992,-0.133219,-2.170241
-0.259774,2.176605,-14.495213,12.864148,-0.120115,-2.177644
-0.243184,2.141803,-14.525341,12.933219,-0.106222,-2.184935
-0.225595,2.105142,-14.552474,13.001092,-0.091528,-2.192094
-0.207000,2.066735,-14.576592,13.067641,-0.076028,-2.199094
-0.187405,2.026700,-14.597670,13.132725,-0.059735,-2.205910
-0.166842,1.985166,-14.615680,13.196195,-0.042677,-2.212512
-0.145370,1.942270,-14.630597,13.257889,-0.024907,-2.218866
-0.123083,1.898160,-14.642396,13.317640,-0.006508,-2.224942
-0.100112,1.852994,-14.651056,13.375276,0.012410,-2.230709
-0.076629,1.806937,-14.656564,13.430624,0.031703,-2.236141
-0.052841,1.760162,-14.658919,13.483513,0.051198,-2.241221
-0.028987,1.712846,-14.658131,13.533784,0.070699,-2.245940
-0.005320,1.665166,-14.654224,13.581289,0.089999,-2.250305
0.017905,1.617296,-14.647238,13.625902,0.108891,-2.254333
0.040448,1.569398,-14.637230,13.667520,0.127183,-2.258056
0.062102,1.521623,-14.624265,13.706068,0.144707,-2.261515
0.082698,1.474104,-14.608426,13.741497,0.161334,-2.264757
0.102117,1.426954,-14.589797,13.773788,0.176969,-2.267831
0.120287,1.380266,-14.568473,13.802942,0.191561,-2.270787
0.137178,1.334113,-14.544548,13.828983,0.205089,-2.273668
0.152798,1.288549,-14.518116,13.851953,0.217566,-2.276514
0.167182,1.243614,-14.489267,13.871907,0.229025,-2.279356
0.180387,1.199329,-14.458092,13.888909,0.239516,-2.282220
0.192480,1.155706,-14.424671,13.903030,0.249097,-2.285125
0.203540,1.112743,-14.389083,13.914348,0.257835,-2.288085
0.213644,1.070432,-14.351397,13.922941,0.265797,-2.291109
0.222872,1.028754,-14.311679,13.928891,0.273048,-2.294202
0.231300,0.987686,-14.269984,13.932275,0.279651,-2.297368
0.238999,0.947197,-14.226363,13.933173,0.285667,-2.300607
0.246035,0.907252,-14.180856,13.931660,0.291150,-2.303918
0.252471,0.867812,-14.133497,13.927805,0.296150,-2.307299
0.258361,0.828835,-14.084311,13.921675,0.300715,-2.310747
0.263757,0.790275,-14.033314,13.913332,0.304885,-2.314260
0.268702,0.752082,-13.980514,13.902829,0.308696,-2.317833
0.273238,0.714205,-13.925909,13.890214,0.312183,-2.321463
0.277400,0.676591,-13.869485,13.875529,0.315374,-2.325147
0.281221,0.639183,-13.811224,13.858805,0.318296,-2.328880
0.284728,0.601923,-13.751092,13.840068,0.320972,-2.332660
0.287945,0.564753,-13.689049,13.819335,0.323421,-2.336482
0.290895,0.527609,-13.625044,13.796614,0.325661,-2.340343
0.293594,0.490430,-13.559017,13.771907,0.327707,-2.344239
0.296060,0.453152,-13.490903,13.745208,0.329573,-2.348167
0.298305,0.415712,-13.420630,13.716505,0.331269,-2.352124
0.300339,0.378048,-13.348124,13.685784,0.332803,-2.356106
0.302169,0.340102,-13.273316,13.653030,0.334183,-2.360109
0.303803,0.301823,-13.196151,13.618233,0.335415,-2.364128
0.305242,0.263171,-13.116598,13.581396,0.336501,-2.368159
0.306487,0.224125,-13.034666,13.542544,0.337443,-2.372198
0.307538,0.184688,-12.950428,13.501739,0.338242,-2.376237
0.308391,0.144897,-12.864043,13.459094,0.338896,-2.380271
0.309042,0.104835,-12.775784,13.414789,0.339404,-2.384293
0.309487,0.064638,-12.686059,13.369086,0.339763,-2.388295
0.309723,0.024495,-12.595415,13.322334,0.339974,-2.392270
0.309748,-0.015357,-12.504517,13.274951,0.340036,-2.396212
